epc,skuid,x,y,z,productid,description,image,name;;
"303aca4982947f5ac688e682,7314306763495,0,0,0,0703672022,""Regular-fit shirt in woven lyocell with a printed pattern. Turn-down collar, buttons without placket, and short sleeves. Straight-cut hem with slit at sides. Fabric made from lyocell is super soft, wrinkle resistant, and nicely draped."",https://public.assets.hm.com/assets/hm/91/fd/91fd3f4de23cc2c9f190c91db465201abc38dbdc_lg-1.jpg?ver=1,Regular Fit Short-sleeved Lyocell Shirt";;
303aca49833c669ac688c1ad,7314308482820,0,10,0,1016886005,Baby Exclusive. Sleeveless bodysuits in soft cotton jersey. Buttons at top and snap fasteners at gusset.,https://public.assets.hm.com/assets/hm/ee/e1/eee1ac1ed50cd6b25656f56e127a22aabb814a71_lg-1.jpg?ver=2,2-pack Cotton Bodysuits;;
"303aca4982993ed9d8b63e75,7314306812117,0,20,0,1124197001,""Oversized overshirt in cotton twill. Collar, buttons at front, open chest pockets, and open front pockets. Dropped shoulders and long sleeves with button at cuffs. Small slit at sides of hem and slightly longer hem at back."",https://public.assets.hm.com/assets/hm/cb/21/cb2195e1bd49b615dbe0e112ceb1a04e7eefcf41_lg-1.jpg?ver=2,Oversized Twill Overshirt";;
303aca4983482a1c56bbb137,7314308603287,10,0,0,,,,;;
"303aca498332e1dc5779090c,7314308385350,0,30,0,1131997001,""Straw-look shoulder bag with a narrow, adjustable shoulder strap and zipper at top. Lined."",https://public.assets.hm.com/assets/hm/c6/10/c610b9057e05e7f8dca88d6fe0f1deb79b1769a0_lg-1.jpg?ver=1,Straw-look Shoulder Bag";;
;;
;;
;;
;;
;;
;;
;;
;;
;;
;;
;;
;;
;;
